duration;history;purpose;amount;savings;employ;installment;sex;residence;age;housing;cards;liable;foreign
6;terrible;goods/repair;1169;DM0-100;7+years;4;male;4;67;own;2;1;foreign
48;poor;goods/repair;5951;DM0-100;1-7years;2;female;2;22;own;1;1;foreign
12;terrible;edu;2096;DM0-100;1-7years;2;male;3;49;own;1;2;foreign
42;poor;goods/repair;7882;DM0-100;1-7years;2;male;4;45;forfree;1;2;foreign
24;poor;newcar;4870;DM0-100;1-7years;3;male;4;53;forfree;2;2;foreign
36;poor;edu;9055;DM0-100;1-7years;2;male;4;35;forfree;1;2;foreign
24;poor;goods/repair;2835;DM100-1000;7+years;3;male;4;53;own;1;1;foreign
36;poor;usedcar;6948;DM0-100;1-7years;2;male;2;35;rent;1;1;foreign
12;poor;goods/repair;3059;DM1000+;1-7years;2;male;4;61;own;1;1;foreign
30;terrible;newcar;5234;DM0-100;unemployed;4;male;2;28;own;2;1;foreign
12;poor;newcar;1295;DM0-100;0-1year;3;female;1;25;rent;1;1;foreign
48;poor;biz;4308;DM0-100;0-1year;3;female;4;24;rent;1;1;foreign
12;poor;goods/repair;1567;DM0-100;1-7years;1;female;1;22;own;1;1;foreign
24;terrible;newcar;1199;DM0-100;7+years;4;male;4;60;own;2;1;foreign
15;poor;newcar;1403;DM0-100;1-7years;2;female;4;28;rent;1;1;foreign
24;poor;goods/repair;1282;DM100-1000;1-7years;4;female;2;32;own;1;1;foreign
24;terrible;goods/repair;2424;DM0-100;7+years;4;male;4;53;own;2;1;foreign
30;good;biz;8072;DM0-100;0-1year;2;male;3;25;own;3;1;foreign
24;poor;usedcar;12579;DM0-100;7+years;4;female;2;44;forfree;1;1;foreign
24;poor;goods/repair;3430;DM100-1000;7+years;3;male;2;31;own;1;2;foreign
9;terrible;newcar;2134;DM0-100;1-7years;4;male;4;48;own;3;1;foreign
6;poor;goods/repair;2647;DM100-1000;1-7years;2;male;3;44;rent;1;2;foreign
10;terrible;newcar;2241;DM0-100;0-1year;1;male;3;48;rent;2;2;german
12;terrible;usedcar;1804;DM100-1000;0-1year;3;male;4;44;own;1;1;foreign
10;terrible;goods/repair;2069;DM0-100;1-7years;2;male;1;26;own;2;1;german
6;poor;goods/repair;1374;DM0-100;1-7years;1;male;2;36;own;1;1;foreign
6;good;goods/repair;426;DM0-100;7+years;4;male;4;39;own;1;1;foreign
12;good;goods/repair;409;DM1000+;1-7years;3;female;3;42;rent;2;1;foreign
7;poor;goods/repair;2415;DM0-100;1-7years;3;male;2;34;own;1;1;foreign
60;poor;biz;6836;DM0-100;7+years;3;male;4;63;own;2;1;foreign
18;poor;biz;1913;DM1000+;0-1year;3;male;3;36;own;1;1;foreign
24;poor;goods/repair;4020;DM0-100;1-7years;2;male;2;27;own;1;1;foreign
18;poor;newcar;5866;DM100-1000;1-7years;2;male;2;30;own;2;1;foreign
12;terrible;biz;1264;DM0-100;7+years;4;male;4;57;rent;1;1;foreign
12;poor;goods/repair;1474;DM0-100;0-1year;4;female;1;33;own;1;1;foreign
45;terrible;goods/repair;4746;DM0-100;0-1year;4;male;2;25;own;2;1;foreign
48;terrible;edu;6110;DM0-100;1-7years;1;male;3;31;forfree;1;1;foreign
18;poor;goods/repair;2100;DM0-100;1-7years;4;male;2;37;own;1;1;foreign
10;poor;goods/repair;1225;DM0-100;1-7years;2;male;2;37;own;1;1;foreign
9;poor;goods/repair;458;DM0-100;1-7years;4;male;3;24;own;1;1;foreign
30;poor;goods/repair;2333;DM100-1000;7+years;4;male;2;30;own;1;1;foreign
12;poor;goods/repair;1158;DM100-1000;1-7years;3;male;1;26;own;1;1;foreign
18;poor;goods/repair;6204;DM0-100;1-7years;2;male;4;44;own;1;2;foreign
30;terrible;usedcar;6187;DM100-1000;1-7years;1;male;4;24;rent;2;1;foreign
48;terrible;usedcar;6143;DM0-100;7+years;4;female;4;58;forfree;2;1;foreign
11;terrible;newcar;1393;DM0-100;0-1year;4;female;4;35;own;2;1;foreign
36;poor;goods/repair;2299;DM100-1000;7+years;4;male;4;39;own;1;1;foreign
6;poor;usedcar;1352;DM100-1000;unemployed;1;female;2;23;rent;1;1;foreign
11;terrible;newcar;7228;DM0-100;1-7years;1;male;4;39;own;2;1;foreign
12;poor;goods/repair;2073;DM100-1000;1-7years;4;female;2;28;own;1;1;foreign
24;poor;goods/repair;2333;DM0-100;0-1year;4;male;2;29;own;1;1;foreign
27;poor;usedcar;5965;DM0-100;7+years;1;male;2;30;own;2;1;foreign
12;poor;goods/repair;1262;DM0-100;1-7years;3;male;2;25;own;1;1;foreign
18;poor;usedcar;3378;DM0-100;1-7years;2;male;1;31;own;1;1;foreign
36;poor;newcar;2225;DM0-100;7+years;4;male;4;57;forfree;2;1;foreign
6;good;newcar;783;DM0-100;1-7years;1;male;2;26;own;1;2;foreign
12;poor;goods/repair;6468;DM0-100;unemployed;2;male;1;52;own;1;1;foreign
36;terrible;goods/repair;9566;DM0-100;1-7years;2;female;2;31;own;2;1;foreign
18;poor;newcar;1961;DM0-100;7+years;3;female;2;23;own;1;1;foreign
36;terrible;goods/repair;6229;DM0-100;0-1year;4;female;4;23;rent;2;1;foreign
9;poor;biz;1391;DM0-100;1-7years;2;male;1;27;own;1;1;foreign
15;terrible;goods/repair;1537;DM0-100;7+years;4;male;4;50;own;2;1;foreign
36;good;biz;1953;DM0-100;7+years;4;male;4;61;forfree;1;1;foreign
48;good;biz;14421;DM0-100;1-7years;2;male;2;25;own;1;1;foreign
24;poor;goods/repair;3181;DM0-100;0-1year;4;female;4;26;own;1;1;foreign
27;poor;goods/repair;5190;DM0-100;7+years;4;male;4;48;own;4;2;foreign
12;poor;goods/repair;2171;DM0-100;0-1year;2;female;2;29;own;1;1;foreign
12;poor;newcar;1007;DM1000+;1-7years;4;male;1;22;own;1;1;foreign
36;poor;edu;1819;DM0-100;1-7years;4;male;4;37;forfree;1;1;foreign
36;poor;goods/repair;2394;DM0-100;1-7years;4;female;4;25;own;1;1;foreign
36;poor;usedcar;8133;DM0-100;1-7years;1;female;2;30;own;1;1;foreign
7;terrible;goods/repair;730;DM0-100;7+years;4;male;2;46;rent;2;1;foreign
8;terrible;biz;1164;DM0-100;7+years;3;male;4;51;forfree;2;2;foreign
42;terrible;biz;5954;DM0-100;1-7years;2;female;1;41;own;2;1;foreign
36;poor;edu;1977;DM0-100;7+years;4;male;4;40;own;1;1;foreign
12;terrible;usedcar;1526;DM0-100;7+years;4;male;4;66;forfree;2;1;foreign
42;poor;goods/repair;3965;DM0-100;0-1year;4;male;3;34;own;1;1;foreign
11;poor;goods/repair;4771;DM0-100;1-7years;2;male;4;51;own;1;1;foreign
54;good;usedcar;9436;DM0-100;1-7years;2;male;2;39;own;1;2;foreign
30;poor;goods/repair;3832;DM0-100;0-1year;2;male;1;22;own;1;1;foreign
24;poor;goods/repair;5943;DM0-100;0-1year;1;female;1;44;own;2;1;foreign
15;poor;goods/repair;1213;DM100-1000;7+years;4;male;3;47;own;1;1;foreign
18;poor;biz;1568;DM100-1000;1-7years;3;female;4;24;rent;1;1;foreign
24;poor;biz;1755;DM0-100;7+years;4;female;4;58;own;1;1;foreign
10;poor;goods/repair;2315;DM0-100;7+years;3;male;4;52;own;1;1;foreign
12;terrible;biz;1412;DM0-100;1-7years;4;female;2;29;own;2;1;foreign
18;terrible;goods/repair;1295;DM0-100;0-1year;4;female;1;27;own;2;1;foreign
36;poor;edu;12612;DM100-1000;1-7years;1;male;4;47;forfree;1;2;foreign
18;poor;newcar;2249;DM100-1000;1-7years;4;male;3;30;own;1;2;foreign
12;good;goods/repair;1108;DM0-100;1-7years;4;male;3;28;own;2;1;foreign
12;terrible;goods/repair;618;DM0-100;7+years;4;male;4;56;own;1;1;foreign
12;terrible;usedcar;1409;DM0-100;7+years;4;male;3;54;own;1;1;foreign
12;terrible;goods/repair;797;DM0-100;7+years;4;female;3;33;own;1;2;foreign
24;terrible;goods/repair;3617;DM0-100;7+years;4;male;4;20;rent;2;1;foreign
12;poor;newcar;1318;DM1000+;7+years;4;male;4;54;own;1;1;foreign
54;good;biz;15945;DM0-100;0-1year;3;male;4;58;rent;1;1;foreign
12;terrible;edu;2012;DM0-100;1-7years;4;female;2;61;own;1;1;foreign
18;poor;biz;2622;DM100-1000;1-7years;4;male;4;34;own;1;1;foreign
36;terrible;goods/repair;2337;DM0-100;7+years;4;male;4;36;own;1;1;foreign
20;poor;usedcar;7057;DM0-100;1-7years;3;male;4;36;rent;2;2;foreign
24;poor;newcar;1469;DM100-1000;7+years;4;male;4;41;rent;1;1;foreign
36;poor;goods/repair;2323;DM0-100;1-7years;4;male;4;24;rent;1;1;foreign
6;poor;goods/repair;932;DM0-100;1-7years;3;female;2;24;own;1;1;foreign
9;terrible;goods/repair;1919;DM0-100;1-7years;4;male;3;35;rent;1;1;foreign
12;poor;usedcar;2445;DM0-100;0-1year;2;male;4;26;rent;1;1;foreign
24;terrible;biz;11938;DM0-100;1-7years;2;male;3;39;own;2;2;foreign
18;good;newcar;6458;DM0-100;7+years;2;male;4;39;own;2;2;foreign
12;poor;newcar;6078;DM0-100;1-7years;2;male;2;32;own;1;1;foreign
24;poor;goods/repair;7721;DM0-100;0-1year;1;female;2;30;own;1;1;german
14;poor;biz;1410;DM100-1000;7+years;1;male;2;35;own;1;1;foreign
6;poor;biz;1449;DM100-1000;7+years;1;male;2;31;own;2;2;foreign
15;poor;edu;392;DM0-100;0-1year;4;female;4;23;rent;1;1;foreign
18;poor;newcar;6260;DM0-100;1-7years;3;male;3;28;rent;1;1;foreign
36;terrible;newcar;7855;DM0-100;1-7years;4;female;2;25;own;2;1;foreign
12;poor;goods/repair;1680;DM100-1000;7+years;3;male;1;35;own;1;1;foreign
48;terrible;goods/repair;3578;DM0-100;7+years;4;male;1;47;own;1;1;foreign
42;poor;goods/repair;7174;DM0-100;1-7years;4;female;3;30;own;1;1;foreign
10;terrible;goods/repair;2132;DM0-100;0-1year;2;female;3;27;rent;2;1;german
33;terrible;goods/repair;4281;DM100-1000;1-7years;1;female;4;23;own;2;1;foreign
12;terrible;newcar;2366;DM100-1000;1-7years;3;male;3;36;own;1;1;foreign
21;poor;goods/repair;1835;DM0-100;1-7years;3;female;2;25;own;2;1;foreign
24;terrible;usedcar;3868;DM0-100;7+years;4;female;2;41;rent;2;1;foreign
12;poor;goods/repair;1768;DM0-100;1-7years;3;male;2;24;rent;1;1;foreign
10;terrible;newcar;781;DM0-100;7+years;4;male;4;63;forfree;2;1;foreign
18;poor;goods/repair;1924;DM0-100;0-1year;4;female;3;27;rent;1;1;foreign
12;terrible;newcar;2121;DM0-100;1-7years;4;male;2;30;own;2;1;foreign
12;poor;goods/repair;701;DM0-100;1-7years;4;male;2;40;own;1;1;foreign
12;poor;goods/repair;639;DM0-100;1-7years;4;male;2;30;own;1;1;foreign
12;terrible;usedcar;1860;DM0-100;unemployed;4;male;2;34;own;2;1;foreign
12;terrible;newcar;3499;DM0-100;1-7years;3;female;2;29;own;2;1;foreign
48;poor;newcar;8487;DM0-100;1-7years;1;female;2;24;own;1;1;foreign
36;poor;edu;6887;DM0-100;1-7years;4;male;3;29;own;1;1;foreign
15;poor;goods/repair;2708;DM0-100;0-1year;2;male;3;27;own;2;1;foreign
18;poor;goods/repair;1984;DM0-100;1-7years;4;male;4;47;forfree;2;1;foreign
60;poor;goods/repair;10144;DM100-1000;1-7years;2;female;4;21;own;1;1;foreign
12;terrible;goods/repair;1240;DM0-100;7+years;4;female;2;38;own;2;1;foreign
27;poor;usedcar;8613;DM1000+;1-7years;2;male;2;27;own;2;1;foreign
12;poor;goods/repair;766;DM100-1000;1-7years;4;male;3;66;own;1;1;foreign
15;terrible;goods/repair;2728;DM0-100;1-7years;4;male;2;35;own;3;1;foreign
12;poor;goods/repair;1881;DM0-100;1-7years;2;female;2;44;rent;1;1;foreign
6;poor;newcar;709;DM1000+;0-1year;2;male;2;27;own;1;1;german
36;poor;goods/repair;4795;DM0-100;0-1year;4;female;1;30;own;1;1;foreign
27;poor;goods/repair;3416;DM0-100;1-7years;3;male;2;27;own;1;1;foreign
18;poor;goods/repair;2462;DM0-100;1-7years;2;male;2;22;own;1;1;foreign
21;terrible;goods/repair;2288;DM0-100;0-1year;4;female;4;23;own;1;1;foreign
48;good;biz;3566;DM100-1000;1-7years;4;male;2;30;own;1;1;foreign
6;terrible;newcar;860;DM0-100;7+years;1;female;4;39;own;2;1;foreign
12;terrible;newcar;682;DM100-1000;1-7years;4;female;3;51;own;2;1;foreign
36;terrible;goods/repair;5371;DM0-100;1-7years;3;male;2;28;own;2;1;foreign
18;terrible;goods/repair;1582;DM1000+;7+years;4;male;4;46;own;2;1;foreign
6;poor;goods/repair;1346;DM100-1000;7+years;2;male;4;42;forfree;1;2;foreign
10;poor;goods/repair;1924;DM0-100;1-7years;1;male;4;38;own;1;1;german
36;poor;goods/repair;5848;DM0-100;1-7years;4;male;1;24;own;1;1;foreign
24;terrible;usedcar;7758;DM1000+;7+years;2;female;4;29;rent;1;1;foreign
24;poor;biz;6967;DM100-1000;1-7years;4;male;4;36;rent;1;1;foreign
12;poor;goods/repair;1282;DM0-100;1-7years;2;female;4;20;rent;1;1;foreign
9;terrible;goods/repair;1288;DM100-1000;7+years;3;male;4;48;own;2;2;german
12;good;edu;339;DM0-100;7+years;4;male;1;45;own;1;1;foreign
24;poor;newcar;3512;DM100-1000;1-7years;2;male;3;38;own;2;1;foreign
6;terrible;goods/repair;1898;DM0-100;1-7years;1;male;2;34;own;2;2;foreign
24;terrible;goods/repair;2872;DM100-1000;7+years;3;male;4;36;own;1;2;foreign
18;terrible;newcar;1055;DM0-100;0-1year;4;female;1;30;own;2;1;foreign
15;poor;goods/repair;1262;DM100-1000;1-7years;4;male;3;36;own;2;1;foreign
10;poor;newcar;7308;DM0-100;unemployed;2;male;4;70;forfree;1;1;foreign
36;poor;newcar;909;DM100-1000;7+years;4;male;4;36;own;1;1;foreign
6;poor;goods/repair;2978;DM100-1000;1-7years;1;male;2;32;own;1;1;foreign
18;poor;goods/repair;1131;DM0-100;unemployed;4;female;2;33;own;1;1;foreign
11;poor;goods/repair;1577;DM1000+;0-1year;4;female;1;20;own;1;1;foreign
24;poor;goods/repair;3972;DM0-100;1-7years;2;female;4;25;rent;1;1;foreign
24;terrible;biz;1935;DM0-100;7+years;4;male;4;31;own;2;1;foreign
15;good;newcar;950;DM0-100;7+years;4;male;3;33;rent;2;2;foreign
12;poor;goods/repair;763;DM0-100;1-7years;4;female;1;26;own;1;1;foreign
24;poor;goods/repair;2064;DM0-100;unemployed;3;female;2;34;own;1;1;foreign
8;poor;goods/repair;1414;DM0-100;1-7years;4;male;2;33;own;1;1;german
21;poor;edu;3414;DM0-100;0-1year;2;male;1;26;own;2;1;foreign
30;good;usedcar;7485;DM0-100;unemployed;4;female;1;53;own;1;1;foreign
12;poor;goods/repair;2577;DM0-100;1-7years;2;male;1;42;own;1;1;foreign
6;terrible;goods/repair;338;DM100-1000;7+years;4;male;4;52;own;2;1;foreign
12;poor;goods/repair;1963;DM0-100;1-7years;4;male;2;31;rent;2;2;foreign
21;terrible;newcar;571;DM0-100;7+years;4;male;4;65;own;2;1;foreign
36;poor;biz;9572;DM0-100;0-1year;1;male;1;28;own;2;1;foreign
36;poor;biz;4455;DM0-100;1-7years;2;male;2;30;own;2;1;foreign
21;good;newcar;1647;DM0-100;1-7years;4;male;2;40;own;2;2;foreign
24;terrible;goods/repair;3777;DM1000+;1-7years;4;male;4;50;own;1;1;foreign
18;terrible;newcar;884;DM0-100;7+years;4;male;4;36;own;1;2;foreign
15;terrible;goods/repair;1360;DM0-100;1-7years;4;male;2;31;own;2;1;foreign
9;good;usedcar;5129;DM0-100;7+years;2;female;4;74;forfree;1;2;foreign
16;terrible;newcar;1175;DM0-100;unemployed;2;male;3;68;forfree;3;1;foreign
12;poor;goods/repair;674;DM100-1000;1-7years;4;male;1;20;own;1;1;foreign
18;good;goods/repair;3244;DM0-100;1-7years;1;female;4;33;own;2;1;foreign
24;poor;biz;4591;DM1000+;1-7years;2;male;3;54;own;3;1;foreign
48;good;biz;3844;DM100-1000;1-7years;4;male;4;34;forfree;1;2;foreign
27;poor;biz;3915;DM0-100;1-7years;4;male;2;36;own;1;2;foreign
6;poor;goods/repair;2108;DM0-100;1-7years;2;male;2;29;rent;1;1;foreign
45;poor;goods/repair;3031;DM100-1000;1-7years;4;male;4;21;rent;1;1;foreign
9;terrible;edu;1501;DM0-100;7+years;2;female;3;34;own;2;1;foreign
6;terrible;goods/repair;1382;DM0-100;1-7years;1;female;1;28;own;2;1;foreign
12;poor;goods/repair;951;DM100-1000;0-1year;4;female;4;27;rent;4;1;foreign
24;poor;usedcar;2760;DM0-100;7+years;4;male;4;36;forfree;1;1;foreign
18;poor;goods/repair;4297;DM0-100;7+years;4;male;3;40;own;1;1;foreign
9;terrible;edu;936;DM100-1000;7+years;4;male;2;52;own;2;1;foreign
12;poor;newcar;1168;DM0-100;1-7years;4;male;3;27;own;1;1;foreign
27;poor;biz;5117;DM0-100;1-7years;3;male;4;26;own;2;1;foreign
12;poor;edu;902;DM0-100;1-7years;4;male;4;21;rent;1;1;foreign
12;terrible;newcar;1495;DM0-100;7+years;4;male;1;38;own;2;2;foreign
30;terrible;usedcar;10623;DM0-100;7+years;3;male;4;38;forfree;3;2;foreign
12;terrible;goods/repair;1935;DM0-100;7+years;4;male;4;43;own;3;1;foreign
12;terrible;goods/repair;1424;DM0-100;1-7years;4;male;3;26;own;1;1;foreign
24;poor;biz;6568;DM0-100;1-7years;2;male;2;21;own;1;1;foreign
12;poor;usedcar;1413;DM1000+;1-7years;3;male;2;55;own;1;1;german
9;terrible;goods/repair;3074;DM0-100;1-7years;1;male;2;33;own;2;2;foreign
36;poor;goods/repair;3835;DM0-100;7+years;2;female;4;45;own;1;1;foreign
27;good;biz;5293;DM0-100;unemployed;2;male;4;50;own;2;1;foreign
30;poor;biz;1908;DM0-100;7+years;4;male;4;66;own;1;1;foreign
36;terrible;goods/repair;3342;DM0-100;7+years;4;male;2;51;own;1;1;foreign
6;terrible;edu;932;DM0-100;1-7years;1;female;3;39;own;2;1;foreign
18;good;biz;3104;DM0-100;1-7years;3;male;1;31;own;1;1;foreign
36;poor;goods/repair;3913;DM0-100;1-7years;2;male;2;23;own;1;1;foreign
24;poor;goods/repair;3021;DM0-100;1-7years;2;male;2;24;rent;1;1;foreign
10;poor;newcar;1364;DM0-100;1-7years;2;female;4;64;own;1;1;foreign
12;poor;goods/repair;625;DM0-100;0-1year;4;male;1;26;own;1;1;foreign
12;poor;edu;1200;DM0-100;1-7years;4;female;4;23;rent;1;1;foreign
12;poor;goods/repair;707;DM0-100;1-7years;4;male;2;30;own;2;1;foreign
24;poor;biz;2978;DM0-100;1-7years;4;male;4;32;own;2;2;foreign
15;poor;usedcar;4657;DM0-100;1-7years;3;male;2;30;own;1;1;foreign
36;good;goods/repair;2613;DM0-100;1-7years;4;male;2;27;own;2;1;foreign
48;poor;goods/repair;10961;DM1000+;1-7years;1;male;2;27;own;2;1;foreign
12;poor;goods/repair;7865;DM0-100;7+years;4;male;4;53;forfree;1;1;foreign
9;poor;goods/repair;1478;DM0-100;1-7years;4;male;2;22;own;1;1;foreign
24;poor;goods/repair;3149;DM0-100;0-1year;4;male;1;22;forfree;1;1;foreign
36;poor;goods/repair;4210;DM0-100;1-7years;4;male;2;26;own;1;1;foreign
9;poor;newcar;2507;DM100-1000;7+years;2;male;4;51;forfree;1;1;foreign
12;poor;goods/repair;2141;DM100-1000;1-7years;3;male;1;35;own;1;1;foreign
18;poor;goods/repair;866;DM0-100;1-7years;4;male;2;25;own;1;1;foreign
4;terrible;goods/repair;1544;DM0-100;1-7years;2;male;1;42;own;3;2;foreign
24;poor;goods/repair;1823;DM0-100;unemployed;4;male;2;30;own;1;2;foreign
6;poor;newcar;14555;DM0-100;unemployed;1;male;2;23;own;1;1;foreign
21;poor;biz;2767;DM100-1000;7+years;4;male;2;61;rent;2;1;foreign
12;terrible;goods/repair;1291;DM0-100;1-7years;4;female;2;35;own;2;1;foreign
30;poor;goods/repair;2522;DM0-100;7+years;1;male;3;39;own;1;2;foreign
24;poor;newcar;915;DM0-100;7+years;4;female;2;29;own;1;1;foreign
6;poor;goods/repair;1595;DM0-100;1-7years;3;male;2;51;own;1;2;foreign
48;good;usedcar;4605;DM0-100;7+years;3;male;4;24;forfree;2;2;foreign
12;terrible;biz;1185;DM0-100;1-7years;3;female;2;27;own;2;1;foreign
12;good;edu;3447;DM100-1000;1-7years;4;female;3;35;own;1;2;foreign
24;poor;biz;1258;DM0-100;1-7years;4;male;1;25;own;1;1;foreign
12;terrible;goods/repair;717;DM0-100;7+years;4;male;4;52;own;3;1;foreign
6;good;newcar;1204;DM100-1000;1-7years;4;male;1;35;rent;1;1;german
24;poor;goods/repair;1925;DM0-100;1-7years;2;male;2;26;own;1;1;foreign
18;poor;goods/repair;433;DM0-100;unemployed;3;female;4;22;rent;1;1;foreign
6;terrible;newcar;666;DM1000+;1-7years;3;female;4;39;own;2;1;foreign
12;poor;goods/repair;2251;DM0-100;1-7years;1;female;2;46;own;1;1;foreign
30;poor;newcar;2150;DM0-100;1-7years;4;female;2;24;own;1;1;foreign
24;poor;goods/repair;4151;DM100-1000;1-7years;2;male;3;35;own;2;1;foreign
9;poor;goods/repair;2030;DM0-100;1-7years;2;male;1;24;own;1;1;foreign
60;poor;goods/repair;7418;DM0-100;1-7years;1;male;1;27;own;1;1;foreign
24;terrible;goods/repair;2684;DM0-100;1-7years;4;male;2;35;own;2;1;foreign
12;good;goods/repair;2149;DM0-100;1-7years;4;male;1;29;forfree;1;1;foreign
15;poor;usedcar;3812;DM100-1000;0-1year;1;female;4;23;own;1;1;foreign
11;terrible;goods/repair;1154;DM100-1000;unemployed;4;female;4;57;own;3;1;foreign
12;poor;goods/repair;1657;DM0-100;1-7years;2;male;2;27;own;1;1;foreign
24;poor;goods/repair;1603;DM0-100;7+years;4;female;4;55;own;1;1;foreign
18;terrible;newcar;5302;DM0-100;7+years;2;male;4;36;forfree;3;1;foreign
12;terrible;edu;2748;DM0-100;7+years;2;female;4;57;forfree;3;1;foreign
10;terrible;newcar;1231;DM0-100;7+years;3;male;4;32;own;2;2;german
15;poor;goods/repair;802;DM0-100;7+years;4;male;3;37;own;1;2;foreign
36;terrible;biz;6304;DM0-100;7+years;4;male;4;36;own;2;1;foreign
24;poor;goods/repair;1533;DM0-100;0-1year;4;female;3;38;own;1;1;foreign
14;poor;newcar;8978;DM0-100;7+years;1;male;4;45;own;1;1;german
24;poor;goods/repair;999;DM0-100;7+years;4;male;2;25;own;2;1;foreign
18;poor;newcar;2662;DM0-100;1-7years;4;male;3;32;own;1;1;german
12;terrible;goods/repair;1402;DM100-1000;1-7years;3;female;4;37;rent;1;1;foreign
48;good;newcar;12169;DM0-100;unemployed;4;male;4;36;forfree;1;1;foreign
48;poor;goods/repair;3060;DM0-100;1-7years;4;male;4;28;own;2;1;foreign
30;poor;goods/repair;11998;DM0-100;0-1year;1;male;1;34;own;1;1;foreign
9;poor;goods/repair;2697;DM0-100;1-7years;1;male;2;32;own;1;2;foreign
18;terrible;goods/repair;2404;DM0-100;1-7years;2;female;2;26;own;2;1;foreign
12;poor;goods/repair;1262;DM0-100;7+years;2;male;4;49;own;1;1;foreign
6;poor;goods/repair;4611;DM0-100;0-1year;1;female;4;32;own;1;1;foreign
24;poor;goods/repair;1901;DM100-1000;1-7years;4;male;4;29;rent;1;1;foreign
15;terrible;usedcar;3368;DM1000+;7+years;3;male;4;23;rent;2;1;foreign
12;poor;goods/repair;1574;DM0-100;1-7years;4;male;2;50;own;1;1;foreign
18;good;goods/repair;1445;DM0-100;1-7years;4;male;4;49;own;1;1;foreign
15;terrible;goods/repair;1520;DM0-100;7+years;4;male;4;63;own;1;1;foreign
24;terrible;newcar;3878;DM100-1000;0-1year;4;male;2;37;own;1;1;foreign
47;poor;newcar;10722;DM0-100;0-1year;1;female;1;35;own;1;1;foreign
48;poor;usedcar;4788;DM0-100;1-7years;4;male;3;26;own;1;2;foreign
48;poor;biz;7582;DM100-1000;unemployed;2;male;4;31;forfree;1;1;foreign
12;poor;goods/repair;1092;DM0-100;1-7years;4;female;4;49;own;2;1;foreign
24;poor;goods/repair;1024;DM0-100;0-1year;4;male;4;48;own;1;1;foreign
12;poor;biz;1076;DM0-100;1-7years;2;male;2;26;own;1;1;german
36;poor;usedcar;9398;DM0-100;0-1year;1;male;4;28;rent;1;1;foreign
24;terrible;usedcar;6419;DM0-100;7+years;2;female;4;44;forfree;2;2;foreign
42;terrible;usedcar;4796;DM0-100;7+years;4;male;4;56;forfree;1;1;foreign
48;terrible;biz;7629;DM0-100;7+years;4;male;2;46;own;2;2;foreign
48;poor;goods/repair;9960;DM0-100;0-1year;1;female;2;26;own;1;1;foreign
12;poor;usedcar;4675;DM0-100;0-1year;1;female;4;20;rent;1;1;foreign
10;poor;newcar;1287;DM0-100;7+years;4;male;2;45;own;1;1;german
18;poor;goods/repair;2515;DM0-100;1-7years;3;male;4;43;own;1;1;foreign
21;terrible;goods/repair;2745;DM1000+;1-7years;3;male;2;32;own;2;1;foreign
6;poor;newcar;672;DM0-100;unemployed;1;female;4;54;own;1;1;foreign
36;good;goods/repair;3804;DM0-100;1-7years;4;female;1;42;own;1;1;foreign
24;terrible;newcar;1344;DM0-100;1-7years;4;male;2;37;own;2;2;foreign
10;terrible;newcar;1038;DM0-100;1-7years;4;male;3;49;own;2;1;foreign
48;terrible;newcar;10127;DM100-1000;1-7years;2;male;2;44;forfree;1;1;foreign
6;poor;goods/repair;1543;DM1000+;1-7years;4;male;2;33;own;1;1;foreign
30;poor;usedcar;4811;DM0-100;1-7years;2;female;4;24;rent;1;1;foreign
12;poor;goods/repair;727;DM100-1000;0-1year;4;male;3;33;own;1;1;foreign
8;poor;goods/repair;1237;DM0-100;1-7years;3;female;4;24;own;1;1;foreign
9;poor;newcar;276;DM0-100;1-7years;4;male;4;22;rent;1;1;foreign
48;poor;biz;5381;DM0-100;unemployed;3;male;4;40;forfree;1;1;foreign
24;poor;goods/repair;5511;DM100-1000;1-7years;4;male;1;25;own;1;1;foreign
24;poor;goods/repair;3749;DM0-100;0-1year;2;female;4;26;own;1;1;foreign
12;poor;newcar;685;DM0-100;1-7years;2;male;3;25;own;1;1;foreign
4;poor;newcar;1494;DM0-100;0-1year;1;male;2;29;own;1;2;german
36;good;goods/repair;2746;DM0-100;7+years;4;male;4;31;own;1;1;foreign
12;poor;goods/repair;708;DM0-100;1-7years;2;male;3;38;own;1;2;foreign
24;poor;goods/repair;4351;DM0-100;1-7years;1;female;4;48;own;1;1;foreign
12;terrible;edu;701;DM0-100;1-7years;4;male;2;32;own;2;1;foreign
15;poor;goods/repair;3643;DM0-100;7+years;1;female;4;27;own;2;1;foreign
30;terrible;newcar;4249;DM0-100;unemployed;4;male;2;28;own;2;1;foreign
24;poor;goods/repair;1938;DM0-100;0-1year;4;male;3;32;own;1;1;foreign
24;poor;usedcar;2910;DM0-100;1-7years;2;male;1;34;forfree;1;1;foreign
18;poor;goods/repair;2659;DM1000+;1-7years;4;male;2;28;own;1;1;foreign
18;terrible;newcar;1028;DM0-100;1-7years;4;female;3;36;own;2;1;foreign
8;terrible;newcar;3398;DM0-100;1-7years;1;male;4;39;own;2;1;german
12;terrible;goods/repair;5801;DM0-100;7+years;2;male;4;49;rent;1;1;foreign
24;poor;newcar;1525;DM1000+;1-7years;4;female;3;34;own;1;2;foreign
36;poor;goods/repair;4473;DM0-100;7+years;4;male;2;31;own;1;1;foreign
6;poor;goods/repair;1068;DM0-100;7+years;4;male;4;28;own;1;2;foreign
24;terrible;usedcar;6615;DM0-100;unemployed;2;male;4;75;forfree;2;1;foreign
18;terrible;edu;1864;DM100-1000;1-7years;4;female;2;30;own;2;1;foreign
60;poor;newcar;7408;DM100-1000;0-1year;4;female;2;24;own;1;1;foreign
48;terrible;usedcar;11590;DM100-1000;1-7years;2;female;4;24;rent;2;1;foreign
24;good;goods/repair;4110;DM0-100;7+years;3;male;4;23;rent;2;2;foreign
6;terrible;goods/repair;3384;DM0-100;1-7years;1;male;4;44;rent;1;1;foreign
13;poor;goods/repair;2101;DM0-100;0-1year;2;female;4;23;own;1;1;foreign
15;poor;goods/repair;1275;DM0-100;1-7years;4;female;2;24;rent;1;1;foreign
24;poor;goods/repair;4169;DM0-100;1-7years;4;male;4;28;own;1;1;foreign
10;poor;goods/repair;1521;DM0-100;1-7years;4;male;2;31;own;1;1;foreign
24;terrible;edu;5743;DM0-100;0-1year;2;female;4;24;forfree;2;1;foreign
21;poor;goods/repair;3599;DM0-100;1-7years;1;female;4;26;rent;1;1;foreign
18;poor;goods/repair;3213;DM100-1000;0-1year;1;male;3;25;rent;1;1;foreign
18;poor;biz;4439;DM0-100;7+years;1;male;1;33;own;1;1;foreign
10;poor;newcar;3949;DM0-100;0-1year;1;male;1;37;own;1;2;foreign
15;terrible;goods/repair;1459;DM0-100;1-7years;4;female;2;43;own;1;1;foreign
13;terrible;goods/repair;882;DM0-100;0-1year;4;male;4;23;own;2;1;foreign
24;poor;goods/repair;3758;DM100-1000;unemployed;1;female;4;23;rent;1;1;foreign
6;poor;biz;1743;DM100-1000;1-7years;1;male;2;34;own;2;1;foreign
9;terrible;edu;1136;DM1000+;7+years;4;male;3;32;forfree;2;2;foreign
9;poor;goods/repair;1236;DM0-100;0-1year;1;female;4;23;rent;1;1;foreign
9;poor;goods/repair;959;DM0-100;1-7years;1;female;2;29;own;1;1;german
18;terrible;usedcar;3229;DM0-100;unemployed;2;male;4;38;own;1;1;foreign
12;good;goods/repair;6199;DM0-100;1-7years;4;male;2;28;rent;2;1;foreign
10;poor;edu;727;DM100-1000;7+years;4;male;4;46;forfree;1;1;foreign
24;poor;newcar;1246;DM0-100;0-1year;4;male;2;23;own;1;1;foreign
12;terrible;goods/repair;2331;DM0-100;7+years;1;male;4;49;own;1;1;foreign
36;poor;goods/repair;4463;DM0-100;1-7years;4;male;2;26;own;2;1;foreign
12;poor;goods/repair;776;DM0-100;1-7years;4;male;2;28;own;1;1;foreign
30;poor;goods/repair;2406;DM0-100;1-7years;4;female;4;23;rent;1;1;foreign
18;poor;edu;1239;DM0-100;1-7years;4;male;4;61;forfree;1;1;foreign
12;poor;goods/repair;3399;DM0-100;7+years;2;male;3;37;own;1;1;foreign
12;poor;newcar;2247;DM0-100;1-7years;2;female;2;36;own;2;1;foreign
6;poor;goods/repair;1766;DM0-100;1-7years;1;male;2;21;rent;1;1;foreign
18;poor;goods/repair;2473;DM0-100;unemployed;4;male;1;25;own;1;1;foreign
12;poor;biz;1542;DM0-100;1-7years;2;male;4;36;own;1;1;foreign
18;terrible;usedcar;3850;DM0-100;1-7years;3;male;1;27;own;2;1;foreign
18;poor;goods/repair;3650;DM0-100;0-1year;1;female;4;22;rent;1;1;foreign
36;poor;goods/repair;3446;DM0-100;7+years;4;male;2;42;own;1;2;foreign
18;poor;goods/repair;3001;DM0-100;1-7years;2;female;4;40;rent;1;1;foreign
36;poor;newcar;3079;DM0-100;1-7years;4;male;4;36;own;1;1;foreign
18;terrible;goods/repair;6070;DM0-100;7+years;3;male;4;33;own;2;1;foreign
10;terrible;goods/repair;2146;DM0-100;0-1year;1;female;3;23;rent;2;1;foreign
60;terrible;newcar;13756;DM0-100;7+years;2;male;4;63;forfree;1;1;foreign
60;good;biz;14782;DM100-1000;7+years;3;female;4;60;forfree;2;1;foreign
48;good;biz;7685;DM0-100;1-7years;2;female;4;37;rent;1;1;foreign
18;poor;goods/repair;2320;DM0-100;unemployed;2;male;3;34;own;2;1;foreign
7;poor;goods/repair;846;DM0-100;7+years;3;male;4;36;forfree;1;1;foreign
36;poor;newcar;14318;DM0-100;7+years;4;male;2;57;forfree;1;1;foreign
6;terrible;newcar;362;DM100-1000;1-7years;4;female;4;52;own;2;1;foreign
20;poor;goods/repair;2212;DM0-100;1-7years;4;male;4;39;own;1;1;foreign
18;poor;usedcar;12976;DM0-100;unemployed;3;female;4;38;forfree;1;1;foreign
22;poor;newcar;1283;DM0-100;1-7years;4;female;4;25;rent;1;1;foreign
12;poor;newcar;1330;DM0-100;0-1year;4;male;1;26;own;1;1;foreign
30;poor;biz;4272;DM100-1000;1-7years;2;male;2;26;own;2;1;foreign
18;terrible;goods/repair;2238;DM0-100;1-7years;2;female;1;25;own;2;1;foreign
18;poor;goods/repair;1126;DM0-100;0-1year;4;female;2;21;rent;1;1;foreign
18;terrible;goods/repair;7374;DM0-100;unemployed;4;male;4;40;own;2;1;foreign
15;terrible;biz;2326;DM100-1000;1-7years;2;male;4;27;own;1;1;foreign
9;poor;biz;1449;DM0-100;1-7years;3;female;2;27;own;2;1;foreign
18;poor;newcar;1820;DM0-100;1-7years;2;male;2;30;own;1;1;foreign
12;poor;goods/repair;983;DM1000+;0-1year;1;female;4;19;rent;1;1;foreign
36;poor;newcar;3249;DM0-100;1-7years;2;male;4;39;forfree;1;2;foreign
6;terrible;goods/repair;1957;DM0-100;1-7years;1;female;4;31;own;1;1;foreign
9;terrible;goods/repair;2406;DM0-100;unemployed;2;male;3;31;own;1;1;foreign
39;poor;edu;11760;DM100-1000;1-7years;2;male;3;32;rent;1;1;foreign
12;poor;goods/repair;2578;DM0-100;unemployed;3;female;4;55;forfree;1;1;foreign
36;terrible;goods/repair;2348;DM0-100;1-7years;3;male;2;46;own;2;1;foreign
12;poor;newcar;1223;DM0-100;7+years;1;male;1;46;rent;2;1;foreign
24;terrible;goods/repair;1516;DM1000+;1-7years;4;female;1;43;own;2;1;foreign
18;poor;goods/repair;1473;DM0-100;0-1year;3;male;4;39;own;1;1;foreign
18;terrible;biz;1887;DM0-100;1-7years;4;male;4;28;own;2;1;foreign
24;poor;biz;8648;DM0-100;0-1year;2;male;2;27;own;2;1;foreign
14;poor;newcar;802;DM0-100;1-7years;4;male;2;27;own;2;1;foreign
18;poor;newcar;2899;DM0-100;7+years;4;male;4;43;own;1;2;foreign
24;poor;goods/repair;2039;DM0-100;0-1year;1;male;1;22;own;1;1;foreign
24;terrible;usedcar;2197;DM0-100;1-7years;4;male;4;43;own;2;2;foreign
15;poor;goods/repair;1053;DM0-100;0-1year;4;male;2;27;own;1;1;german
24;poor;goods/repair;3235;DM100-1000;7+years;3;male;2;26;own;1;1;foreign
12;terrible;newcar;939;DM100-1000;1-7years;4;male;2;28;own;3;1;foreign
24;poor;goods/repair;1967;DM0-100;7+years;4;female;4;20;own;1;1;foreign
33;terrible;usedcar;7253;DM0-100;1-7years;3;male;2;35;own;2;1;foreign
12;terrible;biz;2292;DM0-100;unemployed;4;male;2;42;own;2;1;foreign
10;poor;newcar;1597;DM100-1000;1-7years;3;male;2;40;rent;1;2;german
24;poor;newcar;1381;DM0-100;1-7years;4;female;2;35;own;1;1;foreign
36;terrible;usedcar;5842;DM0-100;7+years;2;male;2;35;own;2;2;foreign
12;poor;newcar;2579;DM0-100;0-1year;4;male;1;33;own;1;2;foreign
18;poor;edu;8471;DM0-100;1-7years;1;female;2;23;rent;2;1;foreign
21;poor;house;2782;DM100-1000;1-7years;1;female;2;31;own;1;1;foreign
18;poor;house;1042;DM0-100;1-7years;4;female;2;33;own;1;1;foreign
15;poor;house;3186;DM1000+;1-7years;2;female;3;20;rent;1;1;foreign
12;poor;usedcar;2028;DM0-100;1-7years;4;male;2;30;own;1;1;foreign
12;terrible;house;958;DM0-100;1-7years;2;male;3;47;own;2;2;foreign
21;poor;goods/repair;1591;DM100-1000;1-7years;4;male;3;34;own;2;1;foreign
12;poor;goods/repair;2762;DM0-100;7+years;1;female;2;25;own;1;1;foreign
18;poor;usedcar;2779;DM0-100;1-7years;1;male;3;21;rent;1;1;foreign
28;terrible;goods/repair;2743;DM0-100;7+years;4;male;2;29;own;2;1;foreign
18;terrible;goods/repair;1149;DM1000+;1-7years;4;male;3;46;own;2;1;foreign
9;poor;goods/repair;1313;DM0-100;7+years;1;male;4;20;own;1;1;foreign
18;terrible;goods/repair;1190;DM0-100;unemployed;2;female;4;55;forfree;3;2;foreign
5;poor;biz;3448;DM0-100;1-7years;1;male;4;74;own;1;1;foreign
24;poor;biz;11328;DM0-100;1-7years;2;male;3;29;own;2;1;foreign
6;terrible;goods/repair;1872;DM0-100;unemployed;4;male;4;36;forfree;3;1;foreign
24;terrible;goods/repair;2058;DM0-100;1-7years;4;male;2;33;own;2;1;foreign
9;poor;goods/repair;2136;DM0-100;1-7years;3;male;2;25;own;1;1;foreign
12;poor;goods/repair;1484;DM0-100;1-7years;2;male;1;25;own;1;1;foreign
6;poor;goods/repair;660;DM100-1000;1-7years;2;male;4;23;rent;1;1;foreign
24;terrible;house;1287;DM1000+;7+years;4;female;4;37;own;2;1;foreign
42;terrible;goods/repair;3394;DM0-100;unemployed;4;male;4;65;own;2;1;foreign
12;good;biz;609;DM0-100;0-1year;4;female;1;26;own;1;1;foreign
12;poor;house;1884;DM0-100;7+years;4;male;4;39;own;1;1;foreign
12;poor;goods/repair;1620;DM0-100;1-7years;2;female;3;30;own;1;1;foreign
20;poor;biz;2629;DM0-100;1-7years;2;male;3;29;own;2;1;foreign
12;poor;edu;719;DM0-100;7+years;4;male;4;41;own;1;2;foreign
48;terrible;goods/repair;5096;DM0-100;1-7years;2;female;3;30;own;1;1;foreign
9;terrible;edu;1244;DM0-100;7+years;4;female;4;41;rent;2;1;foreign
36;poor;house;1842;DM0-100;0-1year;4;female;4;34;own;1;1;foreign
7;poor;goods/repair;2576;DM0-100;1-7years;2;male;2;35;own;1;1;foreign
12;poor;goods/repair;1424;DM0-100;7+years;3;female;4;55;own;1;1;foreign
15;poor;goods/repair;1512;DM1000+;1-7years;3;male;3;61;own;2;1;foreign
36;terrible;usedcar;11054;DM0-100;1-7years;4;male;2;30;own;1;1;foreign
6;poor;goods/repair;518;DM0-100;1-7years;3;female;1;29;own;1;1;foreign
12;good;goods/repair;2759;DM0-100;7+years;2;male;4;34;own;2;1;foreign
24;poor;usedcar;2670;DM0-100;7+years;4;male;4;35;own;1;1;foreign
24;poor;house;4817;DM0-100;1-7years;2;male;3;31;own;1;1;foreign
24;poor;usedcar;2679;DM0-100;0-1year;4;female;1;29;own;1;1;foreign
11;terrible;house;3905;DM0-100;1-7years;2;male;2;36;rent;2;2;foreign
12;poor;usedcar;3386;DM0-100;7+years;3;male;4;35;forfree;1;1;foreign
6;poor;goods/repair;343;DM0-100;0-1year;4;female;1;27;own;1;1;foreign
18;poor;goods/repair;4594;DM0-100;0-1year;3;male;2;32;own;1;1;foreign
36;poor;goods/repair;3620;DM0-100;1-7years;1;male;2;37;own;1;2;foreign
15;poor;house;1721;DM0-100;0-1year;2;male;3;36;own;1;1;foreign
12;poor;goods/repair;3017;DM0-100;0-1year;3;female;1;34;rent;1;1;foreign
12;poor;edu;754;DM0-100;7+years;4;male;4;38;own;2;1;foreign
18;poor;biz;1950;DM0-100;1-7years;4;male;1;34;own;2;1;foreign
24;poor;usedcar;2924;DM0-100;1-7years;3;male;4;63;own;1;2;foreign
24;poor;goods/repair;1659;DM0-100;0-1year;4;female;2;29;rent;1;1;foreign
48;poor;goods/repair;7238;DM0-100;7+years;3;male;3;32;own;2;2;foreign
33;poor;biz;2764;DM0-100;1-7years;2;female;2;26;own;2;1;foreign
24;poor;usedcar;4679;DM0-100;1-7years;3;male;3;35;own;2;1;foreign
24;poor;goods/repair;3092;DM100-1000;0-1year;3;male;2;22;rent;1;1;foreign
6;poor;edu;448;DM0-100;0-1year;4;female;4;23;own;1;1;foreign
9;poor;house;654;DM0-100;1-7years;4;male;3;28;own;1;1;foreign
6;poor;edu;1238;DM0-100;unemployed;4;male;4;36;own;1;2;foreign
18;terrible;goods/repair;1245;DM0-100;1-7years;4;male;2;33;own;1;1;foreign
18;good;goods/repair;3114;DM0-100;0-1year;1;female;4;26;rent;1;1;foreign
39;poor;usedcar;2569;DM100-1000;1-7years;4;male;4;24;own;1;1;foreign
24;poor;goods/repair;5152;DM0-100;1-7years;4;male;2;25;own;1;1;foreign
12;poor;biz;1037;DM100-1000;1-7years;3;male;4;39;own;1;1;foreign
15;terrible;goods/repair;1478;DM0-100;7+years;4;male;4;44;own;2;2;foreign
12;terrible;goods/repair;3573;DM0-100;1-7years;1;female;1;23;own;1;1;foreign
24;poor;house;1201;DM0-100;0-1year;4;male;1;26;own;1;1;foreign
30;poor;goods/repair;3622;DM1000+;7+years;4;female;4;57;rent;2;1;foreign
15;poor;goods/repair;960;DM1000+;1-7years;3;female;2;30;own;2;1;foreign
12;terrible;house;1163;DM100-1000;1-7years;4;male;4;44;own;1;1;foreign
6;poor;house;1209;DM0-100;unemployed;4;male;4;47;own;1;1;foreign
12;poor;goods/repair;3077;DM0-100;1-7years;2;male;4;52;own;1;1;foreign
24;poor;house;3757;DM0-100;7+years;4;female;4;62;forfree;1;1;foreign
10;poor;house;1418;DM100-1000;1-7years;3;male;2;35;rent;1;1;german
6;poor;house;3518;DM0-100;1-7years;2;male;3;26;rent;1;1;foreign
12;terrible;goods/repair;1934;DM0-100;7+years;2;male;2;26;own;2;1;foreign
27;good;biz;8318;DM0-100;7+years;2;female;4;42;forfree;2;1;foreign
6;terrible;goods/repair;1237;DM100-1000;1-7years;1;female;1;27;own;2;1;foreign
6;poor;goods/repair;368;DM0-100;7+years;4;male;4;38;own;1;1;foreign
12;terrible;house;2122;DM0-100;1-7years;3;male;2;39;rent;2;2;german
24;poor;goods/repair;2996;DM0-100;1-7years;2;male;4;20;own;1;1;foreign
36;poor;goods/repair;9034;DM100-1000;0-1year;4;male;1;29;rent;1;1;foreign
24;terrible;goods/repair;1585;DM0-100;1-7years;4;male;3;40;own;2;1;foreign
18;poor;goods/repair;1301;DM0-100;7+years;4;male;2;32;own;1;1;foreign
6;terrible;house;1323;DM100-1000;7+years;2;male;4;28;own;2;2;foreign
24;poor;house;3123;DM0-100;0-1year;4;female;1;27;own;1;1;foreign
36;poor;usedcar;5493;DM0-100;7+years;2;male;4;42;forfree;1;2;foreign
9;poor;goods/repair;1126;DM100-1000;7+years;2;male;4;49;own;1;1;foreign
24;terrible;goods/repair;1216;DM100-1000;0-1year;4;male;4;38;own;2;2;foreign
24;poor;house;1207;DM0-100;0-1year;4;female;4;24;rent;1;1;foreign
10;poor;house;1309;DM0-100;1-7years;4;male;4;27;own;1;1;foreign
15;terrible;usedcar;2360;DM100-1000;1-7years;2;male;2;36;own;1;1;foreign
15;good;house;6850;DM100-1000;unemployed;1;male;2;34;own;1;2;foreign
24;poor;goods/repair;1413;DM0-100;1-7years;4;male;2;28;own;1;1;foreign
39;poor;usedcar;8588;DM100-1000;7+years;4;male;2;45;own;1;1;foreign
12;poor;house;759;DM0-100;1-7years;4;male;2;26;own;1;1;foreign
36;poor;usedcar;4686;DM0-100;1-7years;2;male;2;32;forfree;1;1;foreign
15;poor;biz;2687;DM0-100;1-7years;2;male;4;26;rent;1;1;foreign
12;poor;goods/repair;585;DM0-100;1-7years;4;male;4;20;rent;2;1;foreign
24;poor;house;2255;DM0-100;0-1year;4;male;1;54;own;1;1;foreign
6;terrible;house;609;DM0-100;1-7years;4;female;3;37;own;2;1;german
6;terrible;house;1361;DM0-100;0-1year;2;male;4;40;own;1;2;german
36;terrible;goods/repair;7127;DM0-100;0-1year;2;female;4;23;rent;2;1;foreign
6;poor;house;1203;DM100-1000;7+years;3;male;2;43;own;1;1;foreign
6;terrible;goods/repair;700;DM0-100;7+years;4;male;4;36;forfree;2;1;foreign
24;terrible;goods/repair;5507;DM0-100;7+years;3;male;4;44;forfree;2;1;foreign
18;poor;goods/repair;3190;DM0-100;1-7years;2;female;2;24;own;1;1;foreign
48;good;goods/repair;7119;DM0-100;1-7years;3;male;4;53;forfree;2;2;foreign
24;poor;usedcar;3488;DM100-1000;1-7years;3;female;4;23;own;1;1;foreign
18;poor;goods/repair;1113;DM0-100;1-7years;4;female;4;26;own;1;2;foreign
26;poor;usedcar;7966;DM0-100;0-1year;2;male;3;30;own;2;1;foreign
15;terrible;edu;1532;DM100-1000;1-7years;4;female;3;31;own;1;1;foreign
4;terrible;goods/repair;1503;DM0-100;1-7years;2;male;1;42;own;2;2;foreign
36;poor;goods/repair;2302;DM0-100;1-7years;4;male;4;31;rent;1;1;foreign
6;poor;house;662;DM0-100;0-1year;3;male;4;41;own;1;2;foreign
36;poor;edu;2273;DM0-100;1-7years;3;male;1;32;own;2;2;foreign
15;poor;house;2631;DM100-1000;1-7years;2;female;4;28;rent;2;1;foreign
12;poor;usedcar;1503;DM0-100;1-7years;4;male;4;41;rent;1;1;foreign
24;poor;goods/repair;1311;DM100-1000;1-7years;4;male;3;26;own;1;1;foreign
24;poor;goods/repair;3105;DM0-100;0-1year;4;male;2;25;own;2;1;foreign
21;terrible;edu;2319;DM0-100;0-1year;2;male;1;33;rent;1;1;foreign
6;poor;house;1374;DM0-100;unemployed;4;female;3;75;own;1;1;foreign
18;terrible;goods/repair;3612;DM0-100;7+years;3;female;4;37;own;1;1;foreign
48;poor;house;7763;DM0-100;7+years;4;male;4;42;forfree;1;1;foreign
18;poor;goods/repair;3049;DM0-100;0-1year;1;female;1;45;own;1;1;foreign
12;poor;goods/repair;1534;DM0-100;0-1year;1;male;1;23;rent;1;1;foreign
24;poor;house;2032;DM0-100;7+years;4;male;4;60;forfree;2;1;foreign
30;poor;goods/repair;6350;DM0-100;7+years;4;male;4;31;own;1;1;foreign
18;poor;goods/repair;2864;DM0-100;1-7years;2;male;1;34;own;1;2;foreign
12;terrible;house;1255;DM0-100;7+years;4;male;4;61;own;2;1;foreign
24;poor;house;1333;DM0-100;unemployed;4;male;2;43;forfree;2;2;foreign
24;terrible;house;2022;DM0-100;1-7years;4;female;4;37;own;1;1;foreign
24;poor;goods/repair;1552;DM0-100;1-7years;3;male;1;32;own;1;2;foreign
12;good;goods/repair;626;DM0-100;1-7years;4;female;4;24;own;1;1;foreign
48;terrible;usedcar;8858;DM0-100;1-7years;2;male;1;35;forfree;2;1;foreign
12;terrible;goods/repair;996;DM0-100;1-7years;4;female;4;23;own;2;1;foreign
6;good;goods/repair;1750;DM100-1000;7+years;2;male;4;45;own;1;2;foreign
48;poor;goods/repair;6999;DM0-100;1-7years;1;male;1;34;own;2;1;foreign
12;terrible;house;1995;DM100-1000;0-1year;4;male;1;27;own;1;1;foreign
9;poor;edu;1199;DM0-100;1-7years;4;female;4;67;own;2;1;foreign
12;poor;goods/repair;1331;DM0-100;0-1year;2;male;1;22;own;1;1;foreign
18;good;house;2278;DM100-1000;0-1year;3;female;3;28;own;2;1;foreign
21;good;house;5003;DM0-100;1-7years;1;female;4;29;own;2;1;foreign
24;good;goods/repair;3552;DM0-100;1-7years;3;male;4;27;own;1;1;foreign
18;terrible;goods/repair;1928;DM0-100;0-1year;2;male;2;31;own;2;1;foreign
24;poor;usedcar;2964;DM0-100;7+years;4;male;4;49;forfree;1;2;foreign
24;good;goods/repair;1546;DM0-100;1-7years;4;male;4;24;rent;1;1;foreign
6;poor;goods/repair;683;DM0-100;0-1year;2;female;1;29;own;1;1;foreign
36;poor;house;12389;DM0-100;1-7years;1;male;4;37;forfree;1;1;foreign
24;poor;biz;4712;DM0-100;1-7years;4;male;2;37;own;2;1;foreign
24;poor;goods/repair;1553;DM100-1000;1-7years;3;female;2;23;rent;2;1;foreign
12;poor;house;1372;DM0-100;1-7years;2;male;3;36;own;1;1;foreign
24;terrible;goods/repair;2578;DM1000+;7+years;2;male;2;34;own;1;1;foreign
48;poor;goods/repair;3979;DM0-100;1-7years;4;male;1;41;own;2;2;foreign
48;poor;goods/repair;6758;DM0-100;1-7years;3;female;2;31;own;1;1;foreign
24;poor;goods/repair;3234;DM0-100;0-1year;4;female;4;23;rent;1;1;foreign
30;terrible;goods/repair;5954;DM0-100;1-7years;3;male;2;38;own;1;1;foreign
24;poor;usedcar;5433;DM0-100;unemployed;2;female;4;26;rent;1;1;foreign
15;poor;biz;806;DM0-100;1-7years;4;female;4;22;own;1;1;foreign
9;poor;goods/repair;1082;DM0-100;7+years;4;male;4;27;own;2;1;foreign
15;terrible;goods/repair;2788;DM0-100;1-7years;2;female;3;24;own;2;1;foreign
12;poor;goods/repair;2930;DM0-100;1-7years;2;female;1;27;own;1;1;foreign
24;terrible;edu;1927;DM0-100;1-7years;3;female;2;33;own;2;1;foreign
36;terrible;house;2820;DM0-100;0-1year;4;male;4;27;own;2;1;foreign
24;poor;edu;937;DM0-100;0-1year;4;male;3;27;own;2;1;foreign
18;terrible;house;1056;DM0-100;7+years;3;male;3;30;own;2;1;foreign
12;terrible;house;3124;DM0-100;0-1year;1;male;3;49;own;2;2;foreign
9;poor;goods/repair;1388;DM0-100;1-7years;4;female;2;26;rent;1;1;foreign
36;poor;goods/repair;2384;DM0-100;0-1year;4;male;1;33;rent;1;1;foreign
12;poor;house;2133;DM0-100;7+years;4;female;4;52;forfree;1;1;foreign
18;poor;goods/repair;2039;DM0-100;1-7years;1;female;4;20;rent;1;1;foreign
9;terrible;house;2799;DM0-100;1-7years;2;male;2;36;rent;2;2;foreign
12;poor;goods/repair;1289;DM0-100;1-7years;4;male;1;21;own;1;1;foreign
18;poor;goods/repair;1217;DM0-100;1-7years;4;male;3;47;own;1;1;foreign
12;terrible;goods/repair;2246;DM0-100;7+years;3;male;3;60;own;2;1;foreign
12;terrible;goods/repair;385;DM0-100;1-7years;4;female;3;58;own;4;1;foreign
24;poor;house;1965;DM0-100;1-7years;4;female;4;42;rent;2;1;foreign
21;poor;biz;1572;DM1000+;7+years;4;female;4;36;own;1;1;foreign
24;poor;house;2718;DM0-100;1-7years;3;female;4;20;rent;1;1;foreign
24;good;biz;1358;DM0-100;7+years;4;male;3;40;own;1;1;foreign
6;good;house;931;DM100-1000;0-1year;1;female;1;32;own;1;1;foreign
24;poor;house;1442;DM0-100;1-7years;4;female;4;23;rent;2;1;foreign
24;good;biz;4241;DM0-100;1-7years;1;male;4;36;own;3;1;foreign
18;terrible;house;2775;DM0-100;1-7years;2;male;2;31;own;2;1;foreign
24;poor;biz;3863;DM0-100;1-7years;1;male;2;32;forfree;1;1;foreign
7;poor;goods/repair;2329;DM0-100;0-1year;1;female;1;45;own;1;1;foreign
9;poor;goods/repair;918;DM0-100;1-7years;4;female;1;30;own;1;1;foreign
24;good;edu;1837;DM0-100;1-7years;4;female;4;34;forfree;1;1;foreign
36;poor;goods/repair;3349;DM0-100;1-7years;4;female;2;28;own;1;1;foreign
10;poor;goods/repair;1275;DM0-100;0-1year;4;female;2;23;own;1;1;foreign
24;good;goods/repair;2828;DM100-1000;1-7years;4;male;4;22;own;1;1;foreign
24;terrible;biz;4526;DM0-100;1-7years;3;male;2;74;own;1;1;foreign
36;poor;goods/repair;2671;DM100-1000;1-7years;4;female;4;50;forfree;1;1;foreign
18;poor;goods/repair;2051;DM0-100;0-1year;4;male;1;33;own;1;1;foreign
15;poor;usedcar;1300;DM0-100;7+years;4;male;4;45;forfree;1;2;foreign
12;poor;goods/repair;741;DM100-1000;unemployed;4;female;3;22;own;1;1;foreign
10;poor;house;1240;DM100-1000;7+years;1;female;4;48;forfree;1;2;foreign
21;poor;goods/repair;3357;DM1000+;0-1year;4;female;2;29;own;1;1;foreign
24;good;usedcar;3632;DM0-100;1-7years;1;female;4;22;rent;1;1;german
18;poor;goods/repair;1808;DM0-100;1-7years;4;female;1;22;own;1;1;foreign
48;good;biz;12204;DM0-100;1-7years;2;male;2;48;own;1;1;foreign
60;poor;goods/repair;9157;DM0-100;1-7years;2;male;2;27;forfree;1;1;foreign
6;terrible;house;3676;DM0-100;1-7years;1;male;3;37;rent;3;2;foreign
30;poor;goods/repair;3441;DM100-1000;1-7years;2;female;4;21;rent;1;1;foreign
12;poor;house;640;DM0-100;1-7years;4;male;2;49;own;1;1;foreign
21;terrible;biz;3652;DM0-100;1-7years;2;male;3;27;own;2;1;foreign
18;terrible;house;1530;DM0-100;1-7years;3;male;2;32;own;2;1;foreign
48;poor;biz;3914;DM0-100;1-7years;4;male;2;38;own;1;1;foreign
12;poor;goods/repair;1858;DM0-100;0-1year;4;female;1;22;rent;1;1;foreign
18;poor;goods/repair;2600;DM0-100;1-7years;4;male;4;65;forfree;2;1;foreign
15;poor;goods/repair;1979;DM0-100;7+years;4;male;2;35;own;1;1;foreign
6;poor;goods/repair;2116;DM0-100;1-7years;2;male;2;41;own;1;1;foreign
9;good;house;1437;DM100-1000;1-7years;2;male;3;29;own;1;1;foreign
42;terrible;goods/repair;4042;DM100-1000;1-7years;4;male;4;36;own;2;1;foreign
9;poor;edu;3832;DM0-100;7+years;1;male;4;64;own;1;1;foreign
24;poor;goods/repair;3660;DM0-100;1-7years;2;female;4;28;own;1;1;foreign
18;good;goods/repair;1553;DM0-100;1-7years;4;male;3;44;own;1;1;foreign
15;poor;goods/repair;1444;DM0-100;0-1year;4;male;1;23;own;1;1;foreign
9;poor;goods/repair;1980;DM0-100;0-1year;2;female;2;19;rent;2;1;foreign
24;poor;house;1355;DM0-100;0-1year;3;female;4;25;own;1;1;foreign
12;poor;edu;1393;DM0-100;7+years;4;male;4;47;own;3;2;foreign
24;poor;goods/repair;1376;DM100-1000;1-7years;4;female;1;28;own;1;1;foreign
60;poor;goods/repair;15653;DM0-100;1-7years;2;male;4;21;own;2;1;foreign
12;poor;goods/repair;1493;DM0-100;0-1year;4;female;3;34;own;1;2;foreign
42;poor;goods/repair;4370;DM0-100;1-7years;3;male;2;26;own;2;2;foreign
18;poor;edu;750;DM0-100;unemployed;4;female;1;27;own;1;1;foreign
15;poor;goods/repair;1308;DM0-100;7+years;4;male;4;38;own;2;1;foreign
15;poor;edu;4623;DM100-1000;1-7years;3;male;2;40;own;1;1;foreign
24;terrible;goods/repair;1851;DM0-100;1-7years;4;male;2;33;own;2;1;foreign
18;terrible;goods/repair;1880;DM0-100;1-7years;4;male;1;32;own;2;1;foreign
36;poor;biz;7980;DM0-100;0-1year;4;male;4;27;rent;2;1;foreign
30;good;goods/repair;4583;DM0-100;1-7years;2;male;2;32;own;2;1;foreign
12;poor;house;1386;DM100-1000;1-7years;2;female;2;26;own;1;1;foreign
24;poor;house;947;DM0-100;1-7years;4;male;3;38;forfree;1;2;foreign
12;poor;edu;684;DM0-100;1-7years;4;male;4;40;rent;1;2;foreign
48;poor;edu;7476;DM0-100;1-7years;4;male;1;50;forfree;1;1;foreign
12;poor;goods/repair;1922;DM0-100;1-7years;4;male;2;37;own;1;1;foreign
24;poor;house;2303;DM0-100;7+years;4;male;1;45;own;1;1;foreign
36;poor;house;8086;DM100-1000;7+years;2;male;4;42;own;4;1;foreign
24;terrible;usedcar;2346;DM0-100;1-7years;4;male;3;35;own;2;1;foreign
14;poor;house;3973;DM0-100;unemployed;1;male;4;22;forfree;1;1;foreign
12;poor;house;888;DM0-100;7+years;4;male;4;41;own;1;2;foreign
48;poor;goods/repair;10222;DM0-100;1-7years;4;male;3;37;own;1;1;foreign
30;good;biz;4221;DM0-100;1-7years;2;female;1;28;own;2;1;foreign
18;terrible;goods/repair;6361;DM0-100;7+years;2;male;1;41;own;1;1;foreign
12;poor;goods/repair;1297;DM0-100;1-7years;3;male;4;23;rent;1;1;foreign
12;poor;house;900;DM0-100;1-7years;4;male;2;23;own;1;1;foreign
21;poor;goods/repair;2241;DM0-100;7+years;4;male;2;50;own;2;1;foreign
6;poor;goods/repair;1050;DM0-100;unemployed;4;male;1;35;own;2;1;foreign
6;terrible;edu;1047;DM0-100;1-7years;2;female;4;50;own;1;1;foreign
24;terrible;biz;6314;DM0-100;unemployed;4;male;2;27;own;2;1;foreign
30;good;goods/repair;3496;DM1000+;1-7years;4;male;2;34;own;1;2;foreign
48;good;biz;3609;DM0-100;1-7years;1;female;1;27;own;1;1;foreign
12;terrible;house;4843;DM0-100;7+years;3;male;4;43;rent;2;1;foreign
30;terrible;goods/repair;3017;DM0-100;7+years;4;male;4;47;own;1;1;foreign
24;terrible;biz;4139;DM100-1000;1-7years;3;male;3;27;own;2;1;foreign
36;poor;biz;5742;DM100-1000;1-7years;2;male;2;31;own;2;1;foreign
60;poor;house;10366;DM0-100;7+years;2;male;4;42;own;1;1;foreign
6;terrible;house;2080;DM100-1000;1-7years;1;male;2;24;own;1;1;foreign
21;poor;biz;2580;DM100-1000;0-1year;4;male;2;41;own;1;2;foreign
30;terrible;goods/repair;4530;DM0-100;1-7years;4;female;4;26;rent;1;1;foreign
24;terrible;goods/repair;5150;DM0-100;7+years;4;male;4;33;own;1;1;foreign
72;poor;goods/repair;5595;DM100-1000;1-7years;2;male;2;24;own;1;1;foreign
24;poor;goods/repair;2384;DM0-100;7+years;4;male;4;64;rent;1;1;foreign
18;poor;goods/repair;1453;DM0-100;0-1year;3;female;1;26;own;1;1;foreign
6;poor;edu;1538;DM0-100;0-1year;1;female;2;56;own;1;1;foreign
12;poor;goods/repair;2279;DM0-100;1-7years;4;male;4;37;forfree;1;1;foreign
15;poor;goods/repair;1478;DM0-100;1-7years;4;male;3;33;own;2;1;foreign
24;terrible;goods/repair;5103;DM0-100;0-1year;3;male;3;47;forfree;3;1;foreign
36;poor;biz;9857;DM100-1000;1-7years;1;male;3;31;own;2;2;foreign
60;poor;house;6527;DM0-100;1-7years;4;male;4;34;forfree;1;2;foreign
10;terrible;goods/repair;1347;DM0-100;1-7years;4;male;2;27;own;2;1;foreign
36;poor;house;2862;DM100-1000;7+years;4;male;3;30;forfree;1;1;foreign
9;poor;goods/repair;2753;DM100-1000;7+years;3;male;4;35;own;1;1;foreign
12;poor;house;3651;DM1000+;1-7years;1;male;3;31;own;1;2;foreign
15;terrible;goods/repair;975;DM0-100;1-7years;2;male;3;25;own;2;1;foreign
15;poor;goods/repair;2631;DM100-1000;1-7years;3;female;2;25;own;1;1;foreign
24;poor;goods/repair;2896;DM100-1000;0-1year;2;male;1;29;own;1;1;foreign
6;terrible;house;4716;DM0-100;0-1year;1;male;3;44;own;2;2;foreign
24;poor;goods/repair;2284;DM0-100;1-7years;4;male;2;28;own;1;1;foreign
6;poor;usedcar;1236;DM100-1000;1-7years;2;male;4;50;rent;1;1;foreign
12;poor;goods/repair;1103;DM0-100;1-7years;4;male;3;29;own;2;1;german
12;terrible;house;926;DM0-100;unemployed;1;female;2;38;own;1;1;foreign
18;terrible;goods/repair;1800;DM0-100;1-7years;4;male;2;24;own;2;1;foreign
15;poor;edu;1905;DM0-100;7+years;4;male;4;40;rent;1;1;foreign
12;poor;goods/repair;1123;DM100-1000;1-7years;4;female;4;29;rent;1;1;foreign
48;terrible;usedcar;6331;DM0-100;7+years;4;male;4;46;forfree;2;1;foreign
24;poor;goods/repair;1377;DM100-1000;7+years;4;female;2;47;forfree;1;1;foreign
30;poor;biz;2503;DM100-1000;7+years;4;male;2;41;own;2;1;foreign
27;poor;biz;2528;DM0-100;0-1year;4;female;1;32;own;1;2;foreign
15;poor;house;5324;DM100-1000;7+years;1;female;4;35;forfree;1;1;foreign
48;poor;house;6560;DM100-1000;1-7years;3;male;2;24;own;1;1;foreign
12;good;goods/repair;2969;DM0-100;0-1year;4;female;3;25;rent;2;1;foreign
9;poor;goods/repair;1206;DM0-100;7+years;4;female;4;25;own;1;1;foreign
9;poor;goods/repair;2118;DM0-100;1-7years;2;male;2;37;own;1;2;foreign
18;terrible;goods/repair;629;DM100-1000;7+years;4;male;3;32;own;2;1;foreign
6;good;edu;1198;DM0-100;7+years;4;female;4;35;forfree;1;1;foreign
21;poor;usedcar;2476;DM0-100;7+years;4;male;4;46;own;1;1;foreign
9;terrible;goods/repair;1138;DM0-100;1-7years;4;male;4;25;own;2;1;foreign
60;poor;house;14027;DM0-100;1-7years;4;male;2;27;own;1;1;foreign
30;terrible;usedcar;7596;DM0-100;7+years;1;male;4;63;own;2;1;foreign
30;terrible;goods/repair;3077;DM0-100;7+years;3;male;2;40;own;2;2;foreign
18;poor;goods/repair;1505;DM0-100;1-7years;4;male;2;32;forfree;1;1;foreign
24;terrible;goods/repair;3148;DM0-100;1-7years;3;male;2;31;own;2;1;foreign
20;good;usedcar;6148;DM100-1000;7+years;3;male;4;31;own;2;1;foreign
9;good;goods/repair;1337;DM0-100;0-1year;4;male;2;34;own;2;1;foreign
6;good;edu;433;DM1000+;0-1year;4;female;2;24;rent;1;2;foreign
12;poor;house;1228;DM0-100;1-7years;4;female;2;24;own;1;1;foreign
9;poor;goods/repair;790;DM100-1000;1-7years;4;female;3;66;own;1;1;foreign
27;poor;house;2570;DM0-100;1-7years;3;female;3;21;rent;1;1;foreign
6;terrible;house;250;DM1000+;1-7years;2;female;2;41;own;2;1;foreign
15;terrible;goods/repair;1316;DM100-1000;1-7years;2;male;2;47;own;2;1;foreign
18;poor;goods/repair;1882;DM0-100;1-7years;4;female;4;25;rent;2;1;foreign
48;good;biz;6416;DM0-100;7+years;4;female;3;59;rent;1;1;foreign
24;terrible;biz;1275;DM1000+;1-7years;2;male;4;36;own;2;1;foreign
24;poor;goods/repair;6403;DM0-100;0-1year;1;male;2;33;own;1;1;foreign
24;poor;goods/repair;1987;DM0-100;1-7years;2;male;4;21;rent;1;2;foreign
8;poor;goods/repair;760;DM0-100;1-7years;4;female;2;44;own;1;1;foreign
24;poor;usedcar;2603;DM1000+;1-7years;2;female;4;28;rent;1;1;foreign
4;terrible;house;3380;DM0-100;1-7years;1;female;1;37;own;1;2;foreign
36;good;goods/repair;3990;DM0-100;0-1year;3;female;2;29;own;1;1;foreign
24;poor;usedcar;11560;DM0-100;1-7years;1;female;4;23;rent;2;1;foreign
18;poor;house;4380;DM100-1000;1-7years;3;male;4;35;own;1;2;foreign
6;terrible;house;6761;DM0-100;1-7years;1;male;3;45;own;2;2;foreign
30;good;biz;4280;DM100-1000;1-7years;4;female;4;26;rent;2;1;foreign
24;good;house;2325;DM100-1000;1-7years;2;male;3;32;own;1;1;foreign
10;good;goods/repair;1048;DM0-100;1-7years;4;male;4;23;own;1;1;foreign
21;poor;goods/repair;3160;DM0-100;7+years;4;male;3;41;own;1;1;foreign
24;good;goods/repair;2483;DM100-1000;1-7years;4;male;4;22;own;1;1;foreign
39;terrible;goods/repair;14179;DM0-100;1-7years;4;male;4;30;own;2;1;foreign
13;terrible;biz;1797;DM0-100;0-1year;3;male;1;28;own;2;1;foreign
15;poor;house;2511;DM0-100;unemployed;1;female;4;23;rent;1;1;foreign
12;poor;house;1274;DM0-100;0-1year;3;female;1;37;own;1;1;foreign
21;poor;usedcar;5248;DM0-100;1-7years;1;male;3;26;own;1;1;foreign
15;poor;usedcar;3029;DM0-100;1-7years;2;male;2;33;own;1;1;foreign
6;poor;goods/repair;428;DM0-100;7+years;2;female;1;49;own;1;1;foreign
18;poor;house;976;DM0-100;0-1year;1;female;2;23;own;1;1;foreign
12;poor;biz;841;DM100-1000;1-7years;2;female;4;23;rent;1;1;foreign
30;terrible;goods/repair;5771;DM0-100;1-7years;4;female;2;25;own;2;1;foreign
12;poor;goods/repair;1555;DM1000+;7+years;4;male;4;55;forfree;2;2;foreign
24;poor;house;1285;DM0-100;1-7years;4;female;4;32;rent;1;1;foreign
6;terrible;house;1299;DM0-100;1-7years;1;male;1;74;own;3;2;german
15;terrible;goods/repair;1271;DM0-100;1-7years;3;male;4;39;forfree;2;1;foreign
24;poor;house;1393;DM0-100;1-7years;2;male;2;31;own;1;1;foreign
12;terrible;house;691;DM0-100;7+years;4;male;3;35;own;2;1;foreign
15;terrible;house;5045;DM0-100;7+years;1;female;4;59;own;1;1;foreign
18;terrible;goods/repair;2124;DM0-100;1-7years;4;female;4;24;rent;2;1;foreign
12;poor;goods/repair;2214;DM0-100;1-7years;4;male;3;24;own;1;1;foreign
21;terrible;house;12680;DM0-100;7+years;4;male;4;30;forfree;1;1;foreign
24;terrible;house;2463;DM100-1000;1-7years;4;male;3;27;own;2;1;foreign
12;poor;goods/repair;1155;DM0-100;7+years;3;male;3;40;own;2;1;foreign
30;poor;goods/repair;3108;DM0-100;0-1year;2;male;4;31;own;1;1;foreign
10;poor;usedcar;2901;DM0-100;0-1year;1;female;4;31;rent;1;1;foreign
12;terrible;goods/repair;3617;DM0-100;7+years;1;male;4;28;rent;3;1;foreign
12;terrible;goods/repair;1655;DM0-100;7+years;2;male;4;63;own;2;1;foreign
24;poor;usedcar;2812;DM0-100;7+years;2;female;4;26;rent;1;1;foreign
36;terrible;edu;8065;DM0-100;1-7years;3;female;2;25;own;2;1;foreign
21;terrible;usedcar;3275;DM0-100;7+years;1;male;4;36;own;1;1;foreign
24;terrible;goods/repair;2223;DM100-1000;7+years;4;male;4;52;own;2;1;foreign
12;terrible;house;1480;DM100-1000;unemployed;2;male;4;66;forfree;3;1;foreign
24;poor;house;1371;DM0-100;1-7years;4;female;4;25;rent;1;1;foreign
36;terrible;house;3535;DM0-100;1-7years;4;male;4;37;own;2;1;foreign
18;poor;goods/repair;3509;DM0-100;1-7years;4;female;1;25;own;1;1;foreign
36;terrible;usedcar;5711;DM1000+;7+years;4;male;2;38;own;2;1;foreign
18;poor;goods/repair;3872;DM0-100;unemployed;2;female;4;67;own;1;1;foreign
39;terrible;goods/repair;4933;DM0-100;1-7years;2;male;2;25;own;2;1;foreign
24;terrible;house;1940;DM1000+;7+years;4;male;4;60;own;1;1;foreign
12;good;edu;1410;DM0-100;1-7years;2;male;2;31;own;1;1;foreign
12;poor;house;836;DM100-1000;0-1year;4;female;2;23;own;1;1;foreign
20;poor;usedcar;6468;DM0-100;unemployed;1;male;4;60;own;1;1;foreign
18;poor;biz;1941;DM1000+;1-7years;4;male;2;35;own;1;1;foreign
22;poor;goods/repair;2675;DM100-1000;7+years;3;male;4;40;own;1;1;foreign
48;terrible;usedcar;2751;DM0-100;7+years;4;male;3;38;own;2;2;foreign
48;poor;edu;6224;DM0-100;7+years;4;male;4;50;forfree;1;1;foreign
40;terrible;edu;5998;DM0-100;1-7years;4;male;3;27;own;1;1;foreign
21;poor;biz;1188;DM0-100;7+years;2;female;4;39;own;1;2;foreign
24;poor;usedcar;6313;DM0-100;7+years;3;male;4;41;own;1;2;foreign
6;terrible;goods/repair;1221;DM0-100;1-7years;1;male;2;27;own;2;1;foreign
24;poor;goods/repair;2892;DM0-100;7+years;3;male;4;51;forfree;1;1;foreign
24;poor;goods/repair;3062;DM100-1000;7+years;4;male;3;32;rent;1;1;foreign
9;poor;goods/repair;2301;DM100-1000;0-1year;2;female;4;22;rent;1;1;foreign
18;poor;usedcar;7511;DM0-100;7+years;1;male;4;51;forfree;1;2;foreign
12;terrible;goods/repair;1258;DM0-100;0-1year;2;female;4;22;rent;2;1;foreign
24;poor;house;717;DM0-100;7+years;4;male;4;54;own;2;1;foreign
9;poor;house;1549;DM0-100;0-1year;4;male;2;35;own;1;1;foreign
24;terrible;edu;1597;DM0-100;7+years;4;male;4;54;forfree;2;2;foreign
18;terrible;goods/repair;1795;DM0-100;7+years;3;female;4;48;rent;2;1;foreign
20;terrible;goods/repair;4272;DM0-100;7+years;1;female;4;24;own;2;1;foreign
12;terrible;goods/repair;976;DM0-100;7+years;4;male;4;35;own;2;1;foreign
12;poor;house;7472;DM0-100;unemployed;1;female;2;24;rent;1;1;foreign
36;poor;house;9271;DM0-100;1-7years;2;male;1;24;own;1;1;foreign
6;poor;goods/repair;590;DM0-100;0-1year;3;male;3;26;own;1;1;german
12;terrible;goods/repair;930;DM0-100;7+years;4;male;4;65;own;4;1;foreign
42;good;usedcar;9283;DM0-100;unemployed;1;male;2;55;forfree;1;1;foreign
15;good;house;1778;DM0-100;0-1year;2;female;1;26;rent;2;1;foreign
8;poor;biz;907;DM0-100;0-1year;3;male;2;26;own;1;1;foreign
6;poor;goods/repair;484;DM0-100;1-7years;3;male;3;28;own;1;1;foreign
36;terrible;usedcar;9629;DM0-100;1-7years;4;male;4;24;own;2;1;foreign
48;poor;goods/repair;3051;DM0-100;1-7years;3;male;4;54;own;1;1;foreign
48;poor;house;3931;DM0-100;1-7years;4;male;4;46;forfree;1;2;foreign
36;poor;house;7432;DM0-100;1-7years;2;female;2;54;rent;1;1;foreign
6;poor;goods/repair;1338;DM100-1000;1-7years;1;male;4;62;own;1;1;foreign
6;terrible;goods/repair;1554;DM0-100;1-7years;1;female;2;24;rent;2;1;foreign
36;poor;biz;15857;DM0-100;unemployed;2;male;3;43;own;1;1;foreign
18;poor;goods/repair;1345;DM0-100;1-7years;4;male;3;26;own;1;1;foreign
12;poor;house;1101;DM0-100;1-7years;3;male;2;27;own;2;1;foreign
12;poor;goods/repair;3016;DM0-100;1-7years;3;male;1;24;own;1;1;foreign
36;poor;goods/repair;2712;DM0-100;7+years;2;male;2;41;own;1;2;foreign
8;terrible;house;731;DM0-100;7+years;4;male;4;47;own;2;1;foreign
18;terrible;goods/repair;3780;DM0-100;0-1year;3;male;2;35;own;2;1;foreign
21;terrible;house;1602;DM0-100;7+years;4;male;3;30;own;2;1;foreign
18;terrible;house;3966;DM0-100;7+years;1;female;4;33;rent;3;1;foreign
18;good;biz;4165;DM0-100;1-7years;2;male;2;36;own;2;2;foreign
36;poor;usedcar;8335;DM0-100;7+years;3;male;4;47;forfree;1;1;foreign
48;poor;biz;6681;DM0-100;1-7years;4;male;4;38;forfree;1;2;foreign
24;poor;biz;2375;DM100-1000;1-7years;4;male;2;44;own;2;2;foreign
18;poor;house;1216;DM0-100;0-1year;4;female;3;23;rent;1;1;foreign
45;good;biz;11816;DM0-100;7+years;2;male;4;29;rent;2;1;foreign
24;poor;goods/repair;5084;DM0-100;7+years;2;female;4;42;own;1;1;foreign
15;poor;goods/repair;2327;DM0-100;0-1year;2;female;3;25;own;1;1;foreign
12;good;house;1082;DM0-100;1-7years;4;male;4;48;own;2;1;foreign
12;poor;goods/repair;886;DM0-100;1-7years;4;female;2;21;own;1;1;foreign
4;poor;goods/repair;601;DM0-100;0-1year;1;female;3;23;rent;1;2;foreign
24;terrible;usedcar;2957;DM0-100;7+years;4;male;4;63;own;2;1;foreign
24;terrible;goods/repair;2611;DM0-100;7+years;4;male;3;46;own;2;1;foreign
36;poor;goods/repair;5179;DM0-100;1-7years;4;male;2;29;own;1;1;foreign
21;poor;usedcar;2993;DM0-100;1-7years;3;male;2;28;own;2;1;foreign
18;poor;goods/repair;1943;DM0-100;0-1year;4;female;4;23;own;1;1;foreign
24;good;biz;1559;DM0-100;1-7years;4;male;4;50;own;1;1;foreign
18;poor;goods/repair;3422;DM0-100;7+years;4;male;4;47;own;3;2;foreign
21;poor;goods/repair;3976;DM0-100;1-7years;2;male;3;35;own;1;1;foreign
18;poor;house;6761;DM0-100;1-7years;2;male;4;68;rent;2;1;foreign
24;poor;house;1249;DM0-100;0-1year;4;male;2;28;own;1;1;foreign
9;poor;goods/repair;1364;DM0-100;1-7years;3;male;4;59;own;1;1;foreign
12;poor;goods/repair;709;DM0-100;7+years;4;male;4;57;own;1;1;foreign
20;terrible;house;2235;DM0-100;1-7years;4;male;2;33;rent;2;1;german
24;terrible;usedcar;4042;DM0-100;1-7years;3;male;4;43;own;2;1;foreign
15;terrible;goods/repair;1471;DM0-100;1-7years;4;male;4;35;forfree;2;1;foreign
18;good;house;1442;DM0-100;1-7years;4;male;4;32;forfree;2;2;foreign
36;poor;house;10875;DM0-100;7+years;2;male;2;45;own;2;2;foreign
24;poor;house;1474;DM100-1000;0-1year;4;male;3;33;own;1;1;foreign
10;poor;edu;894;DM0-100;1-7years;4;female;3;40;own;1;1;foreign
15;terrible;goods/repair;3343;DM0-100;1-7years;4;male;2;28;forfree;1;1;foreign
15;poor;house;3959;DM0-100;1-7years;3;female;2;29;own;1;1;foreign
9;poor;house;3577;DM100-1000;1-7years;1;male;2;26;rent;1;2;german
24;terrible;usedcar;5804;DM1000+;1-7years;4;male;2;27;own;2;1;foreign
18;poor;biz;2169;DM0-100;1-7years;4;male;2;28;own;1;1;foreign
24;poor;goods/repair;2439;DM0-100;0-1year;4;female;4;35;own;1;1;foreign
27;terrible;goods/repair;4526;DM1000+;0-1year;4;male;2;32;own;2;2;foreign
10;poor;goods/repair;2210;DM0-100;1-7years;2;male;2;25;rent;1;1;foreign
15;poor;goods/repair;2221;DM100-1000;1-7years;2;female;4;20;rent;1;1;foreign
18;poor;goods/repair;2389;DM0-100;0-1year;4;female;1;27;own;1;1;foreign
12;terrible;goods/repair;3331;DM0-100;7+years;2;male;4;42;own;1;1;foreign
36;poor;biz;7409;DM0-100;7+years;3;male;2;37;own;2;1;foreign
12;poor;goods/repair;652;DM0-100;7+years;4;female;4;24;rent;1;1;foreign
36;poor;goods/repair;7678;DM100-1000;1-7years;2;female;4;40;own;2;1;foreign
6;terrible;house;1343;DM0-100;7+years;1;male;4;46;own;2;2;german
24;terrible;biz;1382;DM100-1000;1-7years;4;male;1;26;own;2;1;foreign
15;poor;goods/repair;874;DM0-100;0-1year;4;female;1;24;own;1;1;foreign
12;poor;goods/repair;3590;DM0-100;1-7years;2;male;2;29;own;1;2;foreign
11;terrible;house;1322;DM1000+;1-7years;4;female;4;40;own;2;1;foreign
18;good;goods/repair;1940;DM0-100;0-1year;3;male;4;36;forfree;1;1;foreign
36;poor;goods/repair;3595;DM0-100;7+years;4;male;2;28;own;1;1;foreign
9;poor;house;1422;DM0-100;0-1year;3;male;2;27;forfree;1;1;foreign
30;terrible;goods/repair;6742;DM0-100;1-7years;2;male;3;36;own;2;1;foreign
24;poor;usedcar;7814;DM0-100;1-7years;3;male;3;38;own;1;1;foreign
24;poor;usedcar;9277;DM0-100;1-7years;2;male;4;48;forfree;1;1;foreign
30;terrible;house;2181;DM0-100;7+years;4;male;4;36;own;2;1;foreign
18;terrible;goods/repair;1098;DM0-100;unemployed;4;female;4;65;own;2;1;foreign
24;poor;goods/repair;4057;DM0-100;1-7years;3;male;3;43;own;1;1;foreign
12;poor;edu;795;DM0-100;0-1year;4;female;4;53;own;1;1;foreign
24;terrible;biz;2825;DM0-100;1-7years;4;male;3;34;own;2;2;foreign
48;poor;biz;15672;DM0-100;1-7years;2;male;2;23;own;1;1;foreign
36;terrible;house;6614;DM0-100;7+years;4;male;4;34;own;2;1;foreign
28;good;usedcar;7824;DM0-100;0-1year;3;male;4;40;rent;2;2;foreign
27;terrible;biz;2442;DM0-100;7+years;4;male;4;43;own;4;2;foreign
15;terrible;goods/repair;1829;DM0-100;7+years;4;male;4;46;own;2;1;foreign
12;terrible;house;2171;DM0-100;1-7years;4;male;4;38;own;2;1;german
36;terrible;usedcar;5800;DM0-100;1-7years;3;male;4;34;own;2;1;foreign
18;terrible;goods/repair;1169;DM0-100;1-7years;4;male;3;29;own;2;1;foreign
36;poor;usedcar;8947;DM0-100;1-7years;3;male;2;31;own;1;2;foreign
21;poor;goods/repair;2606;DM0-100;0-1year;4;female;4;28;rent;1;1;foreign
12;terrible;goods/repair;1592;DM1000+;1-7years;3;female;2;35;own;1;1;german
15;poor;goods/repair;2186;DM0-100;1-7years;1;female;4;33;rent;1;1;foreign
18;poor;goods/repair;4153;DM0-100;1-7years;2;male;3;42;own;1;1;foreign
16;terrible;house;2625;DM0-100;7+years;2;male;4;43;rent;1;1;foreign
20;terrible;house;3485;DM0-100;0-1year;2;male;4;44;own;2;1;foreign
36;terrible;usedcar;10477;DM0-100;7+years;2;male;4;42;forfree;2;1;foreign
15;poor;goods/repair;1386;DM0-100;1-7years;4;male;2;40;rent;1;1;foreign
24;poor;goods/repair;1278;DM0-100;7+years;4;male;1;36;own;1;1;foreign
12;poor;goods/repair;1107;DM0-100;1-7years;2;male;2;20;rent;1;2;foreign
21;poor;house;3763;DM0-100;1-7years;2;male;2;24;own;1;1;german
36;poor;edu;3711;DM0-100;1-7years;2;male;2;27;own;1;1;foreign
15;poor;usedcar;3594;DM0-100;0-1year;1;female;2;46;own;2;1;foreign
9;poor;house;3195;DM0-100;1-7years;1;female;2;33;own;1;1;foreign
36;poor;goods/repair;4454;DM0-100;1-7years;4;female;4;34;own;2;1;foreign
24;terrible;goods/repair;4736;DM0-100;0-1year;2;female;4;25;own;1;1;foreign
30;poor;goods/repair;2991;DM0-100;7+years;2;female;4;25;own;1;1;foreign
11;poor;biz;2142;DM1000+;7+years;1;male;2;28;own;1;1;foreign
24;good;biz;3161;DM0-100;1-7years;4;male;2;31;rent;1;1;foreign
48;good;biz;18424;DM0-100;1-7years;1;female;2;32;own;1;1;german
10;poor;usedcar;2848;DM100-1000;1-7years;1;male;2;32;own;1;2;foreign
6;poor;house;14896;DM0-100;7+years;1;male;4;68;own;1;1;foreign
24;poor;goods/repair;2359;DM100-1000;unemployed;1;male;1;33;own;1;1;foreign
24;poor;goods/repair;3345;DM0-100;7+years;4;male;2;39;rent;1;1;foreign
18;terrible;goods/repair;1817;DM0-100;1-7years;4;female;2;28;own;2;1;foreign
48;poor;goods/repair;12749;DM100-1000;1-7years;4;male;1;37;own;1;1;foreign
9;poor;goods/repair;1366;DM0-100;0-1year;3;female;4;22;rent;1;1;foreign
12;poor;house;2002;DM0-100;1-7years;3;male;4;30;rent;1;2;foreign
24;good;goods/repair;6872;DM0-100;0-1year;2;male;1;55;own;1;1;foreign
12;good;house;697;DM0-100;0-1year;4;male;2;46;own;2;1;foreign
18;terrible;goods/repair;1049;DM0-100;0-1year;4;female;4;21;rent;1;1;foreign
48;poor;usedcar;10297;DM0-100;1-7years;4;male;4;39;forfree;3;2;foreign
30;poor;goods/repair;1867;DM0-100;7+years;4;male;4;58;own;1;1;foreign
12;poor;house;1344;DM0-100;1-7years;4;male;2;43;own;2;2;foreign
24;poor;goods/repair;1747;DM0-100;0-1year;4;male;1;24;own;1;1;german
9;poor;goods/repair;1670;DM0-100;0-1year;4;female;2;22;own;1;1;foreign
9;terrible;house;1224;DM0-100;1-7years;3;male;1;30;own;2;1;foreign
12;terrible;goods/repair;522;DM100-1000;7+years;4;male;4;42;own;2;2;foreign
12;poor;goods/repair;1498;DM0-100;1-7years;4;female;1;23;own;1;1;foreign
30;poor;goods/repair;1919;DM100-1000;0-1year;4;male;3;30;own;2;1;foreign
9;poor;goods/repair;745;DM0-100;1-7years;3;female;2;28;own;1;1;foreign
6;poor;goods/repair;2063;DM0-100;0-1year;4;male;3;30;rent;1;1;foreign
60;poor;edu;6288;DM0-100;1-7years;4;male;4;42;forfree;1;1;foreign
24;terrible;usedcar;6842;DM0-100;1-7years;2;male;4;46;own;2;2;foreign
12;poor;house;3527;DM0-100;0-1year;2;male;3;45;own;1;2;foreign
10;poor;house;1546;DM0-100;1-7years;3;male;2;31;own;1;2;german
24;poor;goods/repair;929;DM0-100;1-7years;4;male;2;31;own;1;1;foreign
4;terrible;house;1455;DM0-100;1-7years;2;male;1;42;own;3;2;foreign
15;poor;goods/repair;1845;DM0-100;0-1year;4;female;1;46;rent;1;1;foreign
48;good;house;8358;DM100-1000;0-1year;1;female;1;30;own;2;1;foreign
24;good;goods/repair;3349;DM100-1000;0-1year;4;male;4;30;forfree;1;2;foreign
12;poor;house;2859;DM0-100;unemployed;4;male;4;38;own;1;1;foreign
18;poor;goods/repair;1533;DM0-100;0-1year;4;male;1;43;own;1;2;foreign
24;poor;goods/repair;3621;DM100-1000;7+years;2;male;4;31;own;2;1;foreign
18;terrible;biz;3590;DM0-100;unemployed;3;male;3;40;own;3;2;foreign
36;poor;biz;2145;DM0-100;1-7years;2;male;1;24;own;2;1;foreign
24;poor;usedcar;4113;DM100-1000;0-1year;3;female;4;28;rent;1;1;foreign
36;poor;goods/repair;10974;DM0-100;unemployed;4;female;2;26;own;2;1;foreign
12;poor;house;1893;DM0-100;1-7years;4;female;4;29;own;1;1;foreign
24;terrible;goods/repair;1231;DM1000+;7+years;4;female;4;57;rent;2;1;foreign
30;terrible;goods/repair;3656;DM0-100;7+years;4;male;4;49;own;2;1;foreign
9;terrible;goods/repair;1154;DM0-100;7+years;2;male;4;37;own;3;1;foreign
28;poor;house;4006;DM0-100;1-7years;3;male;2;45;own;1;1;foreign
24;poor;goods/repair;3069;DM100-1000;7+years;4;male;4;30;forfree;1;1;foreign
6;terrible;goods/repair;1740;DM0-100;7+years;2;male;2;30;rent;2;1;foreign
21;poor;house;2353;DM0-100;1-7years;1;male;4;47;own;2;1;foreign
15;poor;house;3556;DM0-100;1-7years;3;male;2;29;own;1;1;foreign
24;poor;goods/repair;2397;DM100-1000;7+years;3;male;2;35;own;2;1;foreign
6;poor;goods/repair;454;DM0-100;0-1year;3;male;1;22;own;1;1;foreign
30;poor;goods/repair;1715;DM0-100;1-7years;4;female;1;26;own;1;1;foreign
27;terrible;goods/repair;2520;DM100-1000;1-7years;4;male;2;23;own;2;1;foreign
15;poor;goods/repair;3568;DM0-100;7+years;4;female;2;54;rent;1;1;foreign
42;poor;goods/repair;7166;DM0-100;1-7years;2;male;4;29;rent;1;1;foreign
11;terrible;house;3939;DM0-100;1-7years;1;male;2;40;own;2;2;foreign
15;poor;goods/repair;1514;DM100-1000;1-7years;4;male;2;22;own;1;1;foreign
24;poor;house;7393;DM0-100;1-7years;1;male;4;43;own;1;2;foreign
24;good;house;1193;DM0-100;unemployed;1;female;4;29;rent;2;1;foreign
60;poor;biz;7297;DM0-100;7+years;4;male;4;36;rent;1;1;foreign
30;terrible;goods/repair;2831;DM0-100;1-7years;4;female;2;33;own;1;1;foreign
24;poor;goods/repair;1258;DM100-1000;1-7years;3;female;3;57;own;1;1;foreign
6;poor;goods/repair;753;DM0-100;1-7years;2;female;3;64;own;1;1;foreign
18;poor;biz;2427;DM0-100;7+years;4;male;2;42;own;2;1;foreign
24;poor;house;2538;DM0-100;7+years;4;male;4;47;own;2;2;foreign
15;good;house;1264;DM100-1000;1-7years;2;male;2;25;rent;1;1;foreign
30;terrible;goods/repair;8386;DM0-100;1-7years;2;male;2;49;own;1;1;foreign
48;poor;biz;4844;DM0-100;unemployed;3;male;2;33;rent;1;1;foreign
21;poor;house;2923;DM100-1000;1-7years;1;female;1;28;own;1;1;foreign
36;poor;usedcar;8229;DM0-100;1-7years;2;male;2;26;own;1;2;foreign
24;terrible;goods/repair;2028;DM0-100;1-7years;2;male;2;30;own;2;1;foreign
15;terrible;goods/repair;1433;DM0-100;1-7years;4;female;3;25;rent;2;1;foreign
42;good;biz;6289;DM0-100;0-1year;2;male;1;33;own;2;1;foreign
13;poor;goods/repair;1409;DM100-1000;unemployed;2;female;4;64;own;1;1;foreign
24;poor;usedcar;6579;DM0-100;unemployed;4;male;2;29;forfree;1;1;foreign
24;terrible;goods/repair;1743;DM0-100;7+years;4;male;2;48;own;2;1;foreign
12;terrible;edu;3565;DM0-100;0-1year;2;male;1;37;own;2;2;foreign
15;good;goods/repair;1569;DM100-1000;7+years;4;male;4;34;own;1;2;foreign
18;poor;goods/repair;1936;DM0-100;1-7years;2;male;4;23;rent;2;1;foreign
36;poor;goods/repair;3959;DM0-100;unemployed;4;male;3;30;own;1;1;foreign
12;poor;house;2390;DM0-100;7+years;4;male;3;50;own;1;1;foreign
12;poor;goods/repair;1736;DM0-100;1-7years;3;female;4;31;own;1;1;foreign
30;poor;usedcar;3857;DM0-100;1-7years;4;male;4;40;own;1;1;foreign
12;poor;goods/repair;804;DM0-100;7+years;4;male;4;38;own;1;1;foreign
45;poor;goods/repair;1845;DM0-100;1-7years;4;male;4;23;forfree;1;1;foreign
45;terrible;usedcar;4576;DM100-1000;unemployed;3;male;4;27;own;1;1;foreign
